title,views,upload_time,video_duration
,2.6K views,3 hours ago,3:39
,2.1K views,5 hours ago,
,11K views,1 day ago,14:07
,7.3K views,2 days ago,
,"Premieres 4/16/23, 7:15 PM",3 days ago,6:48
,"Premieres 4/15/23, 7:15 PM",4 days ago,
,"Premieres 4/17/23, 7:15 PM",5 days ago,4:35
,"Premieres 4/19/23, 7:15 PM",6 days ago,
,"Premieres 4/12/23, 7:15 PM",7 days ago,
,"Premieres 4/13/23, 7:15 PM",8 days ago,
,"Premieres 4/18/23, 7:15 PM",9 days ago,
,"Premieres 4/14/23, 7:15 PM",10 days ago,
,28K views,"Premieres 4/11/23, 7:15 PM",
,6.5K views,"Premieres 4/10/23, 7:15 PM",
,8.2K views,11 days ago,
,18K views,2 weeks ago,
,25K views,2 weeks ago,
,11K views,2 weeks ago,
,32K views,2 weeks ago,
,8K views,3 weeks ago,
,1 waiting,3 weeks ago,
,2 waiting,3 weeks ago,
,135K views,3 weeks ago,
,9.1K views,3 weeks ago,
,48K views,4 weeks ago,
,16K views,4 weeks ago,
,20K views,4 weeks ago,
,10K views,1 month ago,
,18K views,1 month ago,
,16K views,1 month ago,
,20K views,1 month ago,
,5.8K views,1 month ago,
,15K views,1 month ago,
,18K views,1 month ago,
,11K views,1 month ago,
,24K views,1 month ago,
,13K views,1 month ago,
,13K views,1 month ago,
,7.2K views,1 month ago,
,140K views,1 month ago,
,8.3K views,1 month ago,
,29K views,1 month ago,
,26K views,1 month ago,
,31K views,1 month ago,
,23K views,1 month ago,
,17K views,1 month ago,
,42K views,1 month ago,
,25K views,1 month ago,
,54K views,1 month ago,4:19
,205K views,1 month ago,
,45K views,1 month ago,2:53
,235K views,1 month ago,
,3.7K views,2 months ago,13:48
,15K views,2 months ago,
,3.8K views,2 months ago,9:57
,4K views,2 months ago,
,111K views,2 months ago,6:29
,8.5K views,2 months ago,
,7.2K views,2 months ago,5:21
,6.5K views,2 months ago,
,35K views,2 months ago,9:39
,51K views,2 months ago,
,126K views,2 months ago,3:52
,13K views,2 months ago,
,33K views,2 months ago,
,16K views,2 months ago,
,32K views,2 months ago,
,14K views,2 months ago,
,11K views,2 months ago,
,14K views,2 months ago,
,76K views,2 months ago,
,400K views,2 months ago,
,42K views,3 months ago,
,53K views,3 months ago,
,39K views,3 months ago,
,30K views,3 months ago,
,24K views,3 months ago,
,98K views,3 months ago,
,22K views,3 months ago,
,19K views,3 months ago,
,15K views,3 months ago,
,14K views,3 months ago,
,15K views,3 months ago,
,9K views,3 months ago,
,6.9K views,3 months ago,
,16K views,3 months ago,
,19K views,3 months ago,
,12K views,3 months ago,
,61K views,3 months ago,
,28K views,4 months ago,
,20K views,4 months ago,
,17K views,4 months ago,
,13K views,4 months ago,
,199K views,4 months ago,
,4.9K views,4 months ago,
,24K views,4 months ago,
,30K views,4 months ago,
,10K views,4 months ago,
,15K views,4 months ago,
,5.5K views,4 months ago,
,9.7K views,4 months ago,
,17K views,4 months ago,
,41K views,4 months ago,
,8K views,4 months ago,
,49K views,4 months ago,
,9.5K views,4 months ago,
,12K views,4 months ago,
,44K views,4 months ago,
,168K views,4 months ago,6:08
,29K views,4 months ago,
,12K views,5 months ago,4:23
,259K views,5 months ago,
,24K views,5 months ago,11:05
,7.7K views,5 months ago,
,46K views,5 months ago,2:06
,16K views,5 months ago,
,7.9K views,5 months ago,11:15
,95K views,5 months ago,
,12K views,5 months ago,5:08
,8.9K views,5 months ago,
,15K views,5 months ago,3:40
,22K views,5 months ago,
,17K views,5 months ago,3:31
,12K views,5 months ago,
,36K views,5 months ago,
,18K views,5 months ago,
,20K views,5 months ago,
,29K views,5 months ago,
,8.5K views,6 months ago,
,12K views,6 months ago,
,12K views,6 months ago,
,8.1K views,6 months ago,
,19K views,6 months ago,
,32K views,6 months ago,
,11K views,6 months ago,
,15K views,6 months ago,
,16K views,6 months ago,
,14K views,6 months ago,
,22K views,6 months ago,
,13K views,6 months ago,
,49K views,6 months ago,
,118K views,6 months ago,
,8.5K views,6 months ago,
,27K views,6 months ago,
,18K views,6 months ago,
,5.1K views,6 months ago,
,22K views,6 months ago,
,14K views,6 months ago,
,8.1K views,6 months ago,
,30K views,6 months ago,
,12K views,6 months ago,
,37K views,6 months ago,
,18K views,6 months ago,
,6.9K views,6 months ago,
,6.7K views,7 months ago,
,9.8K views,7 months ago,
,9.7K views,7 months ago,
,20K views,7 months ago,
,68K views,7 months ago,
,12K views,7 months ago,
,13K views,7 months ago,
,54K views,7 months ago,
,14K views,7 months ago,
,32K views,7 months ago,
,31K views,7 months ago,
,18K views,7 months ago,
,11K views,7 months ago,
,25K views,7 months ago,
,46K views,7 months ago,9:13
,19K views,7 months ago,
,14K views,7 months ago,7:27
,27K views,7 months ago,
,76K views,7 months ago,6:12
,92K views,7 months ago,
,26K views,7 months ago,6:45
,12K views,7 months ago,
,13K views,7 months ago,10:05
,102K views,7 months ago,
,11K views,7 months ago,13:02
,10K views,7 months ago,
,18K views,7 months ago,7:23
,58K views,7 months ago,
,20K views,7 months ago,14:06
,31K views,7 months ago,
,135K views,8 months ago,
,23K views,8 months ago,
,65K views,8 months ago,
,9.3K views,8 months ago,
,35K views,8 months ago,
,104K views,8 months ago,
,25K views,8 months ago,
,16K views,8 months ago,
,17K views,8 months ago,
,22K views,8 months ago,
,26K views,8 months ago,
,22K views,8 months ago,
,43K views,8 months ago,
,3.4K views,8 months ago,
,2.4K views,8 months ago,
,39K views,8 months ago,
,7.3K views,8 months ago,
,4.6K views,8 months ago,
,3.7K views,8 months ago,
,44K views,8 months ago,
,39K views,8 months ago,
,26K views,8 months ago,
,12K views,8 months ago,
,22K views,8 months ago,
,22K views,8 months ago,
,656K views,8 months ago,
,126K views,8 months ago,
,596K views,8 months ago,
,19K views,8 months ago,
,108K views,8 months ago,
,29K views,9 months ago,
,19K views,9 months ago,
,20K views,9 months ago,
,39K views,9 months ago,
,14K views,9 months ago,
,42K views,9 months ago,
,45K views,9 months ago,
,52K views,9 months ago,
,76K views,9 months ago,
,42K views,9 months ago,
,42K views,9 months ago,
,17K views,9 months ago,
,34K views,9 months ago,
,46K views,9 months ago,
,38K views,9 months ago,6:11
,12K views,9 months ago,
,22K views,9 months ago,5:20
,19K views,9 months ago,
,25K views,9 months ago,7:00
,16K views,9 months ago,
,14K views,9 months ago,5:47
,18K views,9 months ago,
,23K views,9 months ago,3:50
,23K views,9 months ago,
,9.3K views,9 months ago,5:37
,3.7K views,9 months ago,
,14K views,9 months ago,3:55
,24K views,9 months ago,
,45K views,9 months ago,7:47
,13K views,9 months ago,
,7.6K views,9 months ago,
,24K views,10 months ago,
,84K views,10 months ago,
,17K views,10 months ago,
,32K views,10 months ago,
,37K views,10 months ago,
,23K views,10 months ago,
,8.1K views,10 months ago,
,24K views,10 months ago,
,26K views,10 months ago,
,169K views,10 months ago,
,15K views,10 months ago,
,33K views,10 months ago,
,21K views,10 months ago,
,19K views,10 months ago,
,20K views,10 months ago,
,18K views,10 months ago,
,11K views,10 months ago,
,22K views,10 months ago,
,367K views,10 months ago,
,160K views,10 months ago,
,5.6K views,10 months ago,
,6.5K views,10 months ago,
,15K views,10 months ago,
,16K views,11 months ago,
,28K views,11 months ago,
,125K views,11 months ago,
,11K views,11 months ago,
,67K views,11 months ago,
,74K views,11 months ago,
,35K views,11 months ago,
,24K views,11 months ago,
,10K views,11 months ago,
,17K views,11 months ago,
,20K views,11 months ago,
,39K views,11 months ago,
,40K views,11 months ago,
,24K views,11 months ago,
,16K views,11 months ago,
,8.6K views,11 months ago,
,18K views,11 months ago,
,486K views,11 months ago,
,11K views,11 months ago,
,18K views,11 months ago,
,69K views,11 months ago,7:32
,28K views,11 months ago,
,30K views,1 year ago,3:38
,26K views,1 year ago,
,15K views,1 year ago,8:17
,29K views,1 year ago,
,13K views,1 year ago,3:50
,63K views,1 year ago,
,20K views,1 year ago,3:02
,16K views,1 year ago,
,13K views,1 year ago,5:40
,12K views,1 year ago,
,11K views,1 year ago,3:13
,6.6K views,1 year ago,
,300K views,1 year ago,16:19
,22K views,1 year ago,
,41K views,1 year ago,
,22K views,1 year ago,
,20K views,1 year ago,
,10K views,1 year ago,
,9.6K views,1 year ago,
,12K views,1 year ago,
,23K views,1 year ago,
,28K views,1 year ago,
,18K views,1 year ago,
,65K views,1 year ago,
,18K views,1 year ago,
,288K views,1 year ago,
,15K views,1 year ago,
,42K views,1 year ago,
,18K views,1 year ago,
,71K views,1 year ago,
,27K views,1 year ago,
,16K views,1 year ago,
,24K views,1 year ago,
,18K views,1 year ago,
,23K views,1 year ago,
,36K views,1 year ago,
,13K views,1 year ago,
,14K views,1 year ago,
,48K views,1 year ago,
,79K views,1 year ago,
,28K views,1 year ago,
,33K views,1 year ago,
,22K views,1 year ago,
,343K views,1 year ago,
,10K views,1 year ago,
,32K views,1 year ago,
,251K views,1 year ago,
,22K views,1 year ago,
,26K views,1 year ago,
,19K views,1 year ago,
,65K views,1 year ago,
,54K views,1 year ago,
,112K views,1 year ago,
,21K views,1 year ago,
,37K views,1 year ago,
,23K views,1 year ago,
,29K views,1 year ago,
,73K views,1 year ago,
,63K views,1 year ago,6:54
,40K views,1 year ago,
,16K views,1 year ago,8:44
,417K views,1 year ago,
,26K views,1 year ago,6:07
,47K views,1 year ago,
,26K views,1 year ago,8:34
,56K views,1 year ago,
,29K views,1 year ago,3:37
,13K views,1 year ago,
,14K views,1 year ago,5:40
,12K views,1 year ago,
,24K views,1 year ago,12:24
,41K views,1 year ago,
,10K views,1 year ago,10:13
,19K views,1 year ago,
,26K views,1 year ago,
,43K views,1 year ago,
,538K views,1 year ago,
,79K views,1 year ago,
,60K views,1 year ago,
,35K views,1 year ago,
,33K views,1 year ago,
,120K views,1 year ago,
,55K views,1 year ago,
,52K views,1 year ago,
,64K views,1 year ago,
,43K views,1 year ago,
,29K views,1 year ago,
,79K views,1 year ago,
,250K views,1 year ago,
,11K views,1 year ago,
,44K views,1 year ago,
,53K views,1 year ago,
,11K views,1 year ago,
,38K views,1 year ago,
,13K views,1 year ago,
,39K views,1 year ago,
,62K views,1 year ago,
,82K views,1 year ago,
,108K views,1 year ago,
,15K views,1 year ago,
,125K views,1 year ago,
,465K views,1 year ago,
,6.9K views,1 year ago,
,131K views,1 year ago,
,260K views,1 year ago,
,173K views,1 year ago,
,4.7K views,1 year ago,
,4.1K views,1 year ago,
,7.6K views,1 year ago,
,11K views,1 year ago,
,12K views,1 year ago,
,316K views,1 year ago,
,110K views,1 year ago,
,58K views,1 year ago,
,8.1K views,1 year ago,
,10K views,1 year ago,
,12K views,1 year ago,
,11K views,1 year ago,
,10K views,1 year ago,7:00
,72K views,1 year ago,
,333K views,1 year ago,9:43
,32K views,1 year ago,
,628K views,1 year ago,4:53
,19K views,1 year ago,
,43K views,1 year ago,10:57
,78K views,1 year ago,
,12K views,1 year ago,7:11
,52K views,1 year ago,
,68K views,1 year ago,11:30
,18K views,1 year ago,
,286K views,1 year ago,11:42
,3.7K views,1 year ago,
,55K views,1 year ago,13:42
,30K views,1 year ago,
,13K views,1 year ago,
,8.7K views,1 year ago,
,71K views,1 year ago,
,33K views,1 year ago,
,38K views,1 year ago,
,508K views,1 year ago,
,9.2K views,1 year ago,
,17K views,1 year ago,
,15K views,1 year ago,
,21K views,1 year ago,
,4.6K views,1 year ago,
,43K views,1 year ago,
,17K views,1 year ago,
,51K views,1 year ago,
,8.3M views,1 year ago,
,18K views,1 year ago,
,16K views,1 year ago,
,28K views,1 year ago,
,72K views,1 year ago,
,437K views,1 year ago,
,46K views,1 year ago,
,25K views,1 year ago,
,139K views,1 year ago,
,6.6K views,1 year ago,
,685K views,1 year ago,
,12K views,1 year ago,
,8.3K views,1 year ago,
,8.7K views,1 year ago,
,116K views,1 year ago,
,217K views,1 year ago,
,240K views,1 year ago,
,58K views,1 year ago,
,9.4K views,1 year ago,
,10K views,1 year ago,
,5K views,1 year ago,
,246K views,1 year ago,
,110K views,1 year ago,
,23K views,1 year ago,
,5.4K views,1 year ago,
,7.7K views,1 year ago,
,2.3K views,1 year ago,
,70K views,1 year ago,
,26K views,1 year ago,
,30K views,1 year ago,
,8.6K views,1 year ago,5:07
,2.6K views,1 year ago,
,22K views,1 year ago,11:01
,19K views,1 year ago,
,3.3K views,1 year ago,4:43
,6.3K views,1 year ago,
,37K views,1 year ago,3:05
,8.5K views,2 years ago,
,2.2M views,2 years ago,4:05
,19K views,2 years ago,
,28K views,2 years ago,2:43
,46K views,2 years ago,
,32K views,2 years ago,4:20
,71K views,2 years ago,
,51K views,2 years ago,4:45
,10K views,2 years ago,
,5.9K views,2 years ago,
,389K views,2 years ago,
,308K views,2 years ago,
,2.9K views,2 years ago,
,11K views,2 years ago,
,93K views,2 years ago,
,11K views,2 years ago,
,7K views,2 years ago,
,10K views,2 years ago,
,8K views,2 years ago,
,9.4K views,2 years ago,
,7K views,2 years ago,
,24K views,2 years ago,
,8.6K views,2 years ago,
,37K views,2 years ago,
,37K views,2 years ago,
,3.5K views,2 years ago,
,465K views,2 years ago,
,62K views,2 years ago,
,12K views,2 years ago,
,25K views,2 years ago,
,79K views,2 years ago,
,17K views,2 years ago,
,10K views,2 years ago,
,17K views,2 years ago,
,7.9K views,2 years ago,
,4.7K views,2 years ago,
,27K views,2 years ago,
,15K views,2 years ago,
,3.4K views,2 years ago,
,2.8K views,2 years ago,
,137K views,2 years ago,
,4.7K views,2 years ago,
,8.4K views,2 years ago,
,8.1K views,2 years ago,
,1.9K views,2 years ago,
,14K views,2 years ago,
,22K views,2 years ago,
,81K views,2 years ago,
,6.8K views,2 years ago,
,8.1K views,2 years ago,
,8.7K views,2 years ago,
,19K views,2 years ago,
,57K views,2 years ago,
,19K views,2 years ago,11:08
,3.8K views,2 years ago,
,3.8K views,2 years ago,5:21
,14K views,2 years ago,
,8.4K views,2 years ago,5:04
,11K views,2 years ago,
,29K views,2 years ago,7:40
,167K views,2 years ago,
,21K views,2 years ago,10:34
,5.4K views,2 years ago,
,7.5K views,2 years ago,17:15
,250K views,2 years ago,
,22K views,2 years ago,9:56
,69K views,2 years ago,
,3.5K views,2 years ago,6:17
,7K views,2 years ago,
,12K views,2 years ago,
,16K views,2 years ago,
,3.9K views,2 years ago,
,35K views,2 years ago,
,55K views,2 years ago,
,4.4K views,2 years ago,
,6.4K views,2 years ago,
,34K views,2 years ago,
,1.4M views,2 years ago,
,24K views,2 years ago,
,4.8K views,2 years ago,
,8K views,2 years ago,
,18K views,2 years ago,
,5.9K views,2 years ago,
,6.7K views,2 years ago,
,6.2K views,2 years ago,
,23K views,2 years ago,
,4.7K views,2 years ago,
,6.1K views,2 years ago,
,25K views,2 years ago,
,14K views,2 years ago,
,6.5K views,2 years ago,
,8.6K views,2 years ago,
,2.2K views,2 years ago,
,27K views,2 years ago,
,2.7K views,2 years ago,
,2.5K views,2 years ago,
,2.1K views,3 years ago,
,1.9K views,3 years ago,
,5.6K views,3 years ago,
,6.5K views,3 years ago,
,1.7K views,3 years ago,
,3.7K views,3 years ago,
,5.1K views,3 years ago,
,20K views,3 years ago,
,5.5K views,3 years ago,
,941 views,3 years ago,
,659 views,3 years ago,
,675 views,3 years ago,
,691 views,3 years ago,
,1.4K views,3 years ago,
,1.3K views,3 years ago,
,1.1K views,3 years ago,
,3.8K views,3 years ago,
,1.4K views,3 years ago,4:13
,1.2K views,3 years ago,
,1.7K views,3 years ago,7:08
,3K views,3 years ago,
,1.2K views,3 years ago,8:20
,5.8K views,3 years ago,
,9.7K views,3 years ago,7:00
,41K views,3 years ago,
,4.8K views,3 years ago,3:15
,3.5K views,3 years ago,
,1K views,3 years ago,4:03
,2.2K views,3 years ago,
,9.7K views,3 years ago,4:39
,2.2K views,3 years ago,
,2.5K views,3 years ago,4:25
,6K views,3 years ago,
,22K views,3 years ago,
,6.5K views,3 years ago,
,44K views,3 years ago,
,13K views,3 years ago,
,8.7K views,3 years ago,
,102K views,3 years ago,
,1.3K views,3 years ago,
,3.5K views,3 years ago,
,5.9K views,3 years ago,
,22K views,3 years ago,
,13K views,3 years ago,
,2.3K views,3 years ago,
,13K views,3 years ago,
,26K views,3 years ago,
,30K views,3 years ago,
,196K views,3 years ago,
,8.2K views,3 years ago,
,2.5K views,3 years ago,
,40K views,3 years ago,
,11K views,3 years ago,
,9.5K views,3 years ago,
,17K views,3 years ago,
,44K views,3 years ago,
,10K views,3 years ago,
,3.6K views,3 years ago,
,3K views,3 years ago,
,3.1K views,3 years ago,
,7.1K views,3 years ago,
,2.9K views,3 years ago,
,4.1K views,3 years ago,
,3.2K views,3 years ago,
,1.9K views,3 years ago,
,4.1K views,3 years ago,
,10K views,3 years ago,
,2.1K views,3 years ago,
,1.8K views,3 years ago,
,13K views,3 years ago,
,2.5K views,3 years ago,
,7.4K views,3 years ago,
,11K views,3 years ago,
,18K views,3 years ago,
,15K views,3 years ago,
,16K views,3 years ago,
,953 views,3 years ago,
,25K views,3 years ago,12:17
,1.3K views,3 years ago,
,4.9K views,3 years ago,6:29
,5.7K views,3 years ago,
,3.6K views,3 years ago,4:00
,28K views,3 years ago,
,44K views,3 years ago,3:23
,9.8K views,3 years ago,
,1.6K views,3 years ago,3:43
,10K views,3 years ago,
,4.7K views,3 years ago,6:08
,10K views,3 years ago,
,29K views,3 years ago,6:12
,2.2K views,3 years ago,
,3.2K views,3 years ago,10:52
,42K views,3 years ago,
,17K views,3 years ago,
,6.2K views,3 years ago,
,18K views,3 years ago,
,27K views,3 years ago,
,1.5K views,3 years ago,
,9.2K views,3 years ago,
,29K views,3 years ago,
,7.1K views,3 years ago,
,4.7K views,3 years ago,
,1.8K views,3 years ago,
,3.5K views,3 years ago,
,4.3K views,3 years ago,
,9.2K views,3 years ago,
,3.1K views,3 years ago,
,1.9K views,3 years ago,
,13K views,3 years ago,
,2.4K views,3 years ago,
,5.9K views,3 years ago,
,1.6K views,3 years ago,
,2.8K views,3 years ago,
,1K views,3 years ago,
,4.3K views,3 years ago,
,25K views,3 years ago,
,823 views,3 years ago,
,10K views,3 years ago,
,6.2K views,3 years ago,
,45K views,3 years ago,
,2.2K views,3 years ago,
,4.2K views,3 years ago,
,637 views,3 years ago,
,1.7K views,3 years ago,
,1.4K views,3 years ago,
,1.4K views,3 years ago,
,9.3K views,3 years ago,
,8.9K views,3 years ago,
,1K views,3 years ago,
,3.9K views,3 years ago,
,605 views,3 years ago,
,27K views,3 years ago,
,1.1K views,3 years ago,
,3.8K views,3 years ago,
,912 views,3 years ago,
,22K views,3 years ago,
,1K views,3 years ago,
,24K views,3 years ago,10:12
,672 views,3 years ago,
,6.1K views,3 years ago,9:36
,708 views,3 years ago,
,1.4K views,3 years ago,9:45
,13K views,3 years ago,
,1K views,3 years ago,6:49
,19K views,3 years ago,
,51K views,3 years ago,8:51
,1.6K views,3 years ago,
,6.7K views,3 years ago,9:37
,3K views,3 years ago,
,1.6K views,3 years ago,14:03
,2.2K views,3 years ago,
,3.9K views,3 years ago,7:16
,3.4K views,3 years ago,
,8.5K views,3 years ago,
,1.7K views,3 years ago,
,744 views,3 years ago,
,13K views,3 years ago,
,10K views,3 years ago,
,3.7K views,3 years ago,
,2K views,3 years ago,
,1.4K views,3 years ago,
,2.4K views,3 years ago,
,42K views,3 years ago,
,3.8K views,3 years ago,
,14K views,3 years ago,
,13K views,3 years ago,
,6.3K views,3 years ago,
,8.1K views,3 years ago,
,8.2K views,3 years ago,
,4.9K views,3 years ago,
,1.2K views,3 years ago,
,7.2K views,3 years ago,
,665 views,3 years ago,
,2K views,3 years ago,
,1K views,3 years ago,
,707 views,3 years ago,
,663 views,3 years ago,
,637 views,3 years ago,
,628 views,3 years ago,
,528 views,3 years ago,
,415 views,3 years ago,
,506 views,3 years ago,
,698 views,3 years ago,
,1.1K views,3 years ago,
,270 views,3 years ago,
,803 views,3 years ago,
,410 views,3 years ago,
,1.3K views,3 years ago,
,2.3K views,3 years ago,
,706 views,3 years ago,
,951 views,3 years ago,
,548 views,3 years ago,
,7.2K views,3 years ago,
,7.5K views,3 years ago,
,432 views,3 years ago,
,583 views,3 years ago,
,503 views,3 years ago,
,504 views,3 years ago,5:05
,533 views,7 years ago,
,363 views,7 years ago,4:27
,476 views,7 years ago,
,320 views,7 years ago,13:38
,383 views,9 years ago,
